<?xml version="1.0" encoding="UTF-8"?>
<GenRun Id="clock_VGA_synth_1" LaunchPart="xc7z010clg400-1" LaunchTime="1686574405">
  <File Type="PA-TCL" Name="clock_VGA.tcl"/>
  <File Type="REPORTS-TCL" Name="clock_VGA_reports.tcl"/>
  <File Type="RDS-RDS" Name="clock_VGA.vds"/>
  <File Type="RDS-UTIL" Name="clock_VGA_utilization_synth.rpt"/>
  <File Type="RDS-UTIL-PB" Name="clock_VGA_utilization_synth.pb"/>
  <File Type="RDS-DCP" Name="clock_VGA.dcp"/>
  <FileSet Name="sources" Type="BlockSrcs" RelSrcDir="$PSRCDIR/clock_VGA">
    <File Path="$PSRCDIR/sources_1/ip/clock_VGA/clock_VGA.xci">
      <FileInfo>
        <Attr Name="UsedIn" Val="synthesis"/>
        <Attr Name="UsedIn" Val="implementation"/>
        <Attr Name="UsedIn" Val="simulation"/>
      </FileInfo>
    </File>
    <Config>
      <Option Name="TopModule" Val="clock_VGA"/>
      <Option Name="UseBlackboxStub" Val="1"/>
    </Config>
  </FileSet>
  <FileSet Name="constrs_in" Type="BlockSrcs" RelSrcDir="$PSRCDIR/clock_VGA">
    <File Path="$PSRCDIR/sources_1/ip/clock_VGA/clock_VGA.xci">
      <FileInfo>
        <Attr Name="UsedIn" Val="synthesis"/>
        <Attr Name="UsedIn" Val="implementation"/>
        <Attr Name="UsedIn" Val="simulation"/>
      </FileInfo>
    </File>
    <Config>
      <Option Name="TopModule" Val="clock_VGA"/>
      <Option Name="UseBlackboxStub" Val="1"/>
    </Config>
  </FileSet>
  <FileSet Name="utils" Type="Utils" RelSrcDir="$PSRCDIR/utils_1">
    <Filter Type="Utils"/>
    <Config>
      <Option Name="TopAutoSet" Val="TRUE"/>
    </Config>
  </FileSet>
  <Strategy Version="1" Minor="2">
    <StratHandle Name="Vivado Synthesis Defaults" Flow="Vivado Synthesis 2020"/>
    <Step Id="synth_design"/>
  </Strategy>
</GenRun>
