<?xml version="1.0" encoding="UTF-8"?>
<GenRun Id="impl_1" LaunchPart="xc7z010clg400-1" LaunchTime="1686650574">
  <File Type="BITSTR-BMM" Name="Generateur_Pattern_bd.bmm"/>
  <File Type="OPT-METHODOLOGY-DRC" Name="Generateur_Pattern_methodology_drc_opted.rpt"/>
  <File Type="INIT-TIMING" Name="Generateur_Pattern_timing_summary_init.rpt"/>
  <File Type="ROUTE-PWR" Name="Generateur_Pattern_power_routed.rpt"/>
  <File Type="PA-TCL" Name="Generateur_Pattern.tcl"/>
  <File Type="OPT-TIMING" Name="Generateur_Pattern_timing_summary_opted.rpt"/>
  <File Type="OPT-DCP" Name="Generateur_Pattern_opt.dcp"/>
  <File Type="ROUTE-PWR-SUM" Name="Generateur_Pattern_power_summary_routed.pb"/>
  <File Type="REPORTS-TCL" Name="Generateur_Pattern_reports.tcl"/>
  <File Type="OPT-DRC" Name="Generateur_Pattern_drc_opted.rpt"/>
  <File Type="OPT-HWDEF" Name="Generateur_Pattern.hwdef"/>
  <File Type="PWROPT-DCP" Name="Generateur_Pattern_pwropt.dcp"/>
  <File Type="PWROPT-DRC" Name="Generateur_Pattern_drc_pwropted.rpt"/>
  <File Type="PWROPT-TIMING" Name="Generateur_Pattern_timing_summary_pwropted.rpt"/>
  <File Type="PLACE-DCP" Name="Generateur_Pattern_placed.dcp"/>
  <File Type="PLACE-IO" Name="Generateur_Pattern_io_placed.rpt"/>
  <File Type="PLACE-CLK" Name="Generateur_Pattern_clock_utilization_placed.rpt"/>
  <File Type="PLACE-UTIL" Name="Generateur_Pattern_utilization_placed.rpt"/>
  <File Type="PLACE-UTIL-PB" Name="Generateur_Pattern_utilization_placed.pb"/>
  <File Type="PLACE-CTRL" Name="Generateur_Pattern_control_sets_placed.rpt"/>
  <File Type="PLACE-SIMILARITY" Name="Generateur_Pattern_incremental_reuse_placed.rpt"/>
  <File Type="PLACE-PRE-SIMILARITY" Name="Generateur_Pattern_incremental_reuse_pre_placed.rpt"/>
  <File Type="PLACE-TIMING" Name="Generateur_Pattern_timing_summary_placed.rpt"/>
  <File Type="POSTPLACE-PWROPT-DCP" Name="Generateur_Pattern_postplace_pwropt.dcp"/>
  <File Type="BG-BIN" Name="Generateur_Pattern.bin"/>
  <File Type="POSTPLACE-PWROPT-TIMING" Name="Generateur_Pattern_timing_summary_postplace_pwropted.rpt"/>
  <File Type="PHYSOPT-DCP" Name="Generateur_Pattern_physopt.dcp"/>
  <File Type="PHYSOPT-DRC" Name="Generateur_Pattern_drc_physopted.rpt"/>
  <File Type="BITSTR-MSK" Name="Generateur_Pattern.msk"/>
  <File Type="PHYSOPT-TIMING" Name="Generateur_Pattern_timing_summary_physopted.rpt"/>
  <File Type="ROUTE-ERROR-DCP" Name="Generateur_Pattern_routed_error.dcp"/>
  <File Type="ROUTE-DCP" Name="Generateur_Pattern_routed.dcp"/>
  <File Type="ROUTE-BLACKBOX-DCP" Name="Generateur_Pattern_routed_bb.dcp"/>
  <File Type="ROUTE-DRC" Name="Generateur_Pattern_drc_routed.rpt"/>
  <File Type="ROUTE-DRC-PB" Name="Generateur_Pattern_drc_routed.pb"/>
  <File Type="ROUTE-DRC-RPX" Name="Generateur_Pattern_drc_routed.rpx"/>
  <File Type="BITSTR-MMI" Name="Generateur_Pattern.mmi"/>
  <File Type="ROUTE-METHODOLOGY-DRC" Name="Generateur_Pattern_methodology_drc_routed.rpt"/>
  <File Type="ROUTE-METHODOLOGY-DRC-RPX" Name="Generateur_Pattern_methodology_drc_routed.rpx"/>
  <File Type="ROUTE-METHODOLOGY-DRC-PB" Name="Generateur_Pattern_methodology_drc_routed.pb"/>
  <File Type="ROUTE-PWR-RPX" Name="Generateur_Pattern_power_routed.rpx"/>
  <File Type="ROUTE-STATUS" Name="Generateur_Pattern_route_status.rpt"/>
  <File Type="ROUTE-STATUS-PB" Name="Generateur_Pattern_route_status.pb"/>
  <File Type="ROUTE-TIMINGSUMMARY" Name="Generateur_Pattern_timing_summary_routed.rpt"/>
  <File Type="ROUTE-TIMING-PB" Name="Generateur_Pattern_timing_summary_routed.pb"/>
  <File Type="ROUTE-TIMING-RPX" Name="Generateur_Pattern_timing_summary_routed.rpx"/>
  <File Type="ROUTE-SIMILARITY" Name="Generateur_Pattern_incremental_reuse_routed.rpt"/>
  <File Type="ROUTE-CLK" Name="Generateur_Pattern_clock_utilization_routed.rpt"/>
  <File Type="ROUTE-BUS-SKEW" Name="Generateur_Pattern_bus_skew_routed.rpt"/>
  <File Type="ROUTE-BUS-SKEW-PB" Name="Generateur_Pattern_bus_skew_routed.pb"/>
  <File Type="ROUTE-BUS-SKEW-RPX" Name="Generateur_Pattern_bus_skew_routed.rpx"/>
  <File Type="POSTROUTE-PHYSOPT-DCP" Name="Generateur_Pattern_postroute_physopt.dcp"/>
  <File Type="POSTROUTE-PHYSOPT-BLACKBOX-DCP" Name="Generateur_Pattern_postroute_physopt_bb.dcp"/>
  <File Type="POSTROUTE-PHYSOPT-TIMING" Name="Generateur_Pattern_timing_summary_postroute_physopted.rpt"/>
  <File Type="POSTROUTE-PHYSOPT-TIMING-PB" Name="Generateur_Pattern_timing_summary_postroute_physopted.pb"/>
  <File Type="POSTROUTE-PHYSOPT-TIMING-RPX" Name="Generateur_Pattern_timing_summary_postroute_physopted.rpx"/>
  <File Type="POSTROUTE-PHYSOPT-BUS-SKEW" Name="Generateur_Pattern_bus_skew_postroute_physopted.rpt"/>
  <File Type="POSTROUTE-PHYSOPT-BUS-SKEW-PB" Name="Generateur_Pattern_bus_skew_postroute_physopted.pb"/>
  <File Type="BG-BIT" Name="Generateur_Pattern.bit"/>
  <File Type="POSTROUTE-PHYSOPT-BUS-SKEW-RPX" Name="Generateur_Pattern_bus_skew_postroute_physopted.rpx"/>
  <File Type="BITSTR-RBT" Name="Generateur_Pattern.rbt"/>
  <File Type="BITSTR-NKY" Name="Generateur_Pattern.nky"/>
  <File Type="PDI-FILE" Name="Generateur_Pattern.pdi"/>
  <File Type="RCFI_FILE" Name="Generateur_Pattern.rcfi"/>
  <File Type="CFI_FILE" Name="Generateur_Pattern.cfi"/>
  <File Type="RNPI_FILE" Name="Generateur_Pattern.rnpi"/>
  <File Type="NPI_FILE" Name="Generateur_Pattern.npi"/>
  <File Type="RBD_FILE" Name="Generateur_Pattern.rbd"/>
  <File Type="BITSTR-LTX" Name="debug_nets.ltx"/>
  <File Type="BITSTR-LTX" Name="Generateur_Pattern.ltx"/>
  <File Type="BITSTR-SYSDEF" Name="Generateur_Pattern.sysdef"/>
  <File Type="BG-BGN" Name="Generateur_Pattern.bgn"/>
  <File Type="BG-DRC" Name="Generateur_Pattern.drc"/>
  <File Type="RDI-RDI" Name="Generateur_Pattern.vdi"/>
  <File Type="WBT-USG" Name="usage_statistics_webtalk.html"/>
  <FileSet Name="sources" Type="DesignSrcs" RelSrcDir="$PSRCDIR/sources_1" RelGenDir="$PGENDIR/sources_1">
    <Filter Type="Srcs"/>
    <File Path="$PPRDIR/../Librairie_Perso.vhd">
      <FileInfo>
        <Attr Name="UsedIn" Val="synthesis"/>
        <Attr Name="UsedIn" Val="simulation"/>
      </FileInfo>
    </File>
    <File Path="$PPRDIR/../Pattern_VGA.vhd">
      <FileInfo>
        <Attr Name="UsedIn" Val="synthesis"/>
        <Attr Name="UsedIn" Val="simulation"/>
      </FileInfo>
    </File>
    <File Path="$PPRDIR/../Synchro.vhd">
      <FileInfo>
        <Attr Name="UsedIn" Val="synthesis"/>
        <Attr Name="UsedIn" Val="simulation"/>
      </FileInfo>
    </File>
    <File Path="$PPRDIR/../Generateur_Pattern.vhd">
      <FileInfo>
        <Attr Name="UsedIn" Val="synthesis"/>
        <Attr Name="UsedIn" Val="simulation"/>
      </FileInfo>
    </File>
    <Config>
      <Option Name="DesignMode" Val="RTL"/>
      <Option Name="TopModule" Val="Generateur_Pattern"/>
      <Option Name="TopAutoSet" Val="TRUE"/>
    </Config>
  </FileSet>
  <FileSet Name="constrs_in" Type="Constrs" RelSrcDir="$PSRCDIR/constrs_1">
    <Filter Type="Constrs"/>
    <File Path="$PPRDIR/../Cora-Z7-10-Master.xdc">
      <FileInfo>
        <Attr Name="UsedIn" Val="synthesis"/>
        <Attr Name="UsedIn" Val="implementation"/>
      </FileInfo>
    </File>
    <Config>
      <Option Name="ConstrsType" Val="XDC"/>
    </Config>
  </FileSet>
  <FileSet Name="utils" Type="Utils" RelSrcDir="$PSRCDIR/utils_1">
    <Filter Type="Utils"/>
    <Config>
      <Option Name="TopAutoSet" Val="TRUE"/>
    </Config>
  </FileSet>
  <Strategy Version="1" Minor="2">
    <StratHandle Name="Vivado Implementation Defaults" Flow="Vivado Implementation 2020"/>
    <Step Id="init_design"/>
    <Step Id="opt_design"/>
    <Step Id="power_opt_design"/>
    <Step Id="place_design"/>
    <Step Id="post_place_power_opt_design"/>
    <Step Id="phys_opt_design"/>
    <Step Id="route_design"/>
    <Step Id="post_route_phys_opt_design"/>
    <Step Id="write_bitstream"/>
  </Strategy>
  <BlockFileSet Type="BlockSrcs" Name="clock_VGA"/>
</GenRun>
